<topology linkdefault="undirected">
  <property name="delay_unit" type="string">ms</property>
  <property name="capacity_unit" type="string">Mbps</property>
  <property name="buffer_unit" type="string">packets</property>
  <node id="Node 1" id.type="string" >
    <application name="ns3::UdpEchoClient" name.type="string">
      <property name="StartTime" type="string">1 s</property>
      <property name="StopTime" type="string">10 s</property>
      <!-- The RemoteAddress property refers to the IPv4 address of the echo server.
      The format is type-lenght-1stbyte:2ndbyte:3rdbyte:4thbyte, i.e.
      3-4-0a:00:00:06 -> 10.0.0.6
      Note however, that this address format fails to be processed starting from ns-3.18 because ns-3 thinks that the length value (4) is greater than 20, which is the max size of a network address.
      The latest version of ns-3 on which this example ran correctly is 3.16
      -->
      <property name="RemoteAddress" type="string">3-4-0a:00:00:06</property>
      <property name="RemotePort" type="string">2000</property>
    </application>
  </node>
  <node id="Node 2" id.type="string" />
  <node id="Node 3" id.type="string" >
    <application name="ns3::UdpEchoServer" name.type="string">
      <property name="StartTime" type="string">1 s</property>
      <property name="StopTime" type="string">10 s</property>
      <property name="Port" type="string">2000</property>
    </application>
  </node>
  <link>
    <from type="string">Node 1</from>
    <to type="string">Node 2</to>
    <property name="delay" type="int">2</property>
    <property name="capacity" type="int">10</property>
  </link>
  <link>
    <from type="string">Node 2</from>
    <to type="string">Node 3</to>
    <property name="delay" type="int">2</property>
    <property name="capacity" type="int">10</property>
  </link>
</topology>
